{
    "resources": [
        {
            "name": "fragment/createEmployee/review.fragment.xml"
        },
        {
            "name": "model/models.js"
        },
        {
            "name": "manifest.json"
        },
        {
            "name": "controller/Main.controller.js"
        },
        {
            "name": "controller/ListEmployee.controller.js"
        },
        {
            "name": "controller/CreateEmployee.controller.js"
        },
        {
            "name": "controller/App.controller.js"
        },
        {
            "name": "Component.js"
        },
        {
            "name": "manifest-bundle.zip"
        },
        {
            "name": "Component-preload.js",
            "merged": true
        },
        {
            "name": "controller/ListEmployee-dbg.controller.js",
            "isDebug": true
        },
        {
            "name": "controller/Main-dbg.controller.js",
            "isDebug": true
        },
        {
            "name": "model/models-dbg.js",
            "isDebug": true
        },
        {
            "name": "controller/CreateEmployee-dbg.controller.js",
            "isDebug": true
        },
        {
            "name": "controller/App-dbg.controller.js",
            "isDebug": true
        },
        {
            "name": "Component-dbg.js",
            "isDebug": true
        },
        {
            "name": "../../sap-ui-version.json"
        },
        {
            "name": "fragment/listEmployee/MasterEmployee.fragment.xml"
        },
        {
            "name": "fragment/listEmployee/DetailEmployee.fragment.xml"
        },
        {
            "name": "fragment/createEmployee/step3.fragment.xml"
        },
        {
            "name": "fragment/createEmployee/step2.fragment.xml"
        },
        {
            "name": "fragment/createEmployee/step1.fragment.xml"
        },
        {
            "name": "i18n/i18n.properties",
            "raw": "i18n/i18n.properties"
        },
        {
            "name": "view/Main.view.xml"
        },
        {
            "name": "view/ListEmployee.view.xml"
        },
        {
            "name": "view/CreateEmployee.view.xml"
        },
        {
            "name": "view/App.view.xml"
        },
        {
            "name": "css/style.css"
        },
        {
            "name": "index.html"
        }
    ]
}