{
  "model/models-dbg.js": 1621087488222,
  "model/models.js": 1621087488222,
  "manifest.json": 1621820631172,
  "controller/Main.controller.js": 1621815588443,
  "controller/ListEmployee.controller.js": 1621816979918,
  "controller/CreateEmployee.controller.js": 1621734474693,
  "controller/App.controller.js": 1621345019060,
  "Component.js": 1621190189786,
  "manifest-bundle.zip": 1621820630596,
  "Component-preload.js": 1621820631078,
  "controller/ListEmployee-dbg.controller.js": 1621816979918,
  "controller/Main-dbg.controller.js": 1621815588443,
  "i18n/i18n.properties": 1621817043531,
  "controller/CreateEmployee-dbg.controller.js": 1621734474693,
  "controller/App-dbg.controller.js": 1621345019060,
  "Component-dbg.js": 1621190189786,
  "resources.json": 1621820631175,
  "fragment/listEmployee/MasterEmployee.fragment.xml": 1621817008642,
  "fragment/listEmployee/DetailEmployee.fragment.xml": 1621819935709,
  "fragment/createEmployee/step3.fragment.xml": 1621819926185,
  "fragment/createEmployee/step2.fragment.xml": 1621708776003,
  "fragment/createEmployee/step1.fragment.xml": 1621263449651,
  "fragment/createEmployee/review.fragment.xml": 1621304509408,
  "view/Main.view.xml": 1621715235531,
  "view/ListEmployee.view.xml": 1621814662614,
  "view/CreateEmployee.view.xml": 1621708775991,
  "view/App.view.xml": 1621087661498,
  "css/style.css": 1621087488218,
  "index.html": 1621087488218
}